Feedback,Category
"The event was a huge success! Everyone had a fantastic time.",Accomplishments
"Kudos to the organizers for putting together such a wonderful event.",Accomplishments
"Thank you for making the event so enjoyable and inclusive for everyone.",Accomplishments
"The volunteers went above and beyond to ensure everyone felt welcome.",Accomplishments
"Great job on creating a welcoming atmosphere for all attendees.",Accomplishments
"We appreciate the effort that went into making this event a memorable experience.",Accomplishments
"The activities were engaging and fun for participants of all ages.",Accomplishments
"The event was well-organized and ran smoothly from start to finish.",Accomplishments
"Congratulations on a successful event that brought the community together.",Accomplishments
"Thanks for providing such diverse and entertaining entertainment options.",Accomplishments
"Everyone left the event with smiles on their faces. It was truly heartwarming.",Accomplishments
"The event showcased the talents and creativity of the organizers.",Accomplishments
"We had a blast at the event! It exceeded all expectations.",Accomplishments
"The event was a testament to the hard work and dedication of the planning team.",Accomplishments
"Thanks for making everyone feel like they were part of something special.",Accomplishments
"Congratulations on pulling off an event that left a lasting impression.",Accomplishments
"The event provided a platform for meaningful connections and friendships.",Accomplishments
"Great job on incorporating inclusive elements that made everyone feel welcome.",Accomplishments
"The event fostered a sense of community and belonging among attendees.",Accomplishments
"Thanks for organizing an event that brought joy to so many people.",Accomplishments
"The event was a shining example of teamwork and collaboration.",Accomplishments
"Thanks for creating an event that celebrated diversity and inclusion.",Accomplishments
"The event was a huge hit with attendees of all ages.",Accomplishments
"Congratulations on a successful event that left a positive impact.",Accomplishments
"We had a fantastic time at the event! It was well worth attending.",Accomplishments
"Thanks for making the event accessible to people of all abilities.",Accomplishments
"The event provided an opportunity for people to come together and have fun.",Accomplishments
"Great job on organizing an event that catered to the interests of everyone.",Accomplishments
"The event was a wonderful experience that brought people closer together.",Accomplishments
"Thanks for creating memories that will last a lifetime with this event.",Accomplishments
"Congratulations on a successful event that left a positive impression on everyone.",Accomplishments
"The event showcased the best of what our community has to offer.",Accomplishments
"Thanks for making the event a memorable experience for all who attended.",Accomplishments
"Please consider adding more seating options for those who may have difficulty standing for long periods.",Improvements
"Improving the event's signage could help attendees navigate the venue more easily.",Improvements
"Providing more accessible facilities, such as wheelchair ramps, would enhance inclusivity.",Improvements
"Adding clearer instructions for activities would make it easier for attendees to participate.",Improvements
"Enhancing the event's lighting would improve visibility, especially for those with visual impairments.",Improvements
"Incorporating quieter areas for attendees seeking a break from noise could improve comfort.",Improvements
"Expanding transportation options for attendees would improve accessibility to the event.",Improvements
"Increasing the availability of food options, including dietary accommodations, would be beneficial.",Improvements
"Implementing a feedback system could gather valuable insights for future event improvements.",Improvements
"Providing additional staff or volunteers could help with crowd management.",Improvements
"Investing in better audio equipment would enhance the quality of presentations and performances.",Improvements
"Ensuring better coordination between event activities to avoid scheduling conflicts.",Improvements
"Creating more interactive elements could increase attendee engagement.",Improvements
"Offering more diverse programming options would cater to a wider range of interests.",Improvements
"Increasing the frequency of sanitation stations would promote cleanliness and hygiene.",Improvements
"Streamlining the registration process could reduce wait times and improve efficiency.",Improvements
"Improving communication channels to keep attendees informed of any updates or changes.",Improvements
"The event was enjoyable, but clearer signage could enhance the overall experience.",Improvements
"Thanks for organizing a fun event! However, more seating options would be appreciated next time.",Improvements
"We had a great time, but improving lighting in certain areas would make it even better.",Improvements
"Kudos on the successful event! Adding more accessible facilities would be a great next step.",Improvements
"Congratulations on a well-organized event! Clearer instructions could further enhance it.",Improvements
"The event was fantastic! Yet, providing transportation options could make it more accessible.",Improvements
"Thanks for the amazing experience! Consider incorporating quieter areas for future events.",Improvements
"Great job on the event! Adding additional food options would be a welcome improvement.",Improvements
"We had a blast! However, implementing a feedback system could help make future events even better.",Improvements
"Thanks for the wonderful event! Having more staff or volunteers would help manage the crowd better.",Improvements
"The event was a success! Yet, investing in better audio equipment could elevate it further.",Improvements
"Congratulations on a memorable event! Ensuring better coordination between activities could enhance it.",Improvements
"Thanks for organizing such a diverse event! Adding more interactive elements would be fantastic.",Improvements
"The event was fantastic! Offering a wider range of programming options could attract more attendees.",Improvements
"We had a great time! Increasing the frequency of sanitation stations would promote hygiene.",Improvements
"Thanks for a well-executed event! Streamlining the registration process would be a great improvement.",Improvements
"Great job on the event! Improving communication channels would keep attendees better informed.",Improvements
"The event was okay, but I think it could have been more enjoyable for everyone.",Neither
"It was a decent event, but there were some aspects that could have been better.",Neither
"I had mixed feelings about the event. It had its good and bad aspects.",Neither
"The event didn't quite meet my expectations, but it wasn't terrible either.",Neither
"I didn't have strong feelings about the event. It was just okay.",Neither
"It was an alright event, but I felt like something was missing.",Neither
"The event was average. There were some good moments, but also some room for improvement.",Neither
"I had an okay time at the event. It wasn't amazing, but it wasn't terrible either.",Neither
"The event was decent overall, but there were a few things that could have been better.",Neither
"I felt neutral about the event. It wasn't particularly good or bad.",Neither
"It was an okay event. I didn't love it, but I didn't hate it either.",Neither
"The event was fine, but I didn't find it particularly memorable.",Neither
"I had a lukewarm experience at the event. It didn't leave a strong impression either way.",Neither
"The event was so-so. It didn't exceed my expectations, but it also didn't disappoint.",Neither
"It was an average event. I didn't have strong feelings about it either way.",Neither
"I felt indifferent about the event. It didn't leave a lasting impression on me.",Neither
"The event was alright, but I didn't feel particularly excited about it.",Neither
"The event was okay, but I think there's room for improvement for next time.",Neither
"I had an okay time at the event. It wasn't great, but it also wasn't terrible.",Neither
"It was an average experience overall. I didn't love it, but I didn't hate it either.",Neither
"I felt neutral about the event. It was neither exceptional nor disappointing.",Neither
"The event was fine, but I wasn't overly impressed.",Neither
"I had a so-so time at the event. It didn't stand out to me in any particular way.",Neither
"It was an alright event. I didn't have any major complaints, but it also didn't blow me away.",Neither
"I felt indifferent about the event. It didn't leave a strong impression on me either way.",Neither
"The event was okay, but I think it could have been better with some improvements.",Neither
"I had an okay experience at the event. It didn't exceed my expectations, but it also didn't fall short.",Neither
"It was a passable event. I didn't love it, but I didn't hate it either.",Neither
"I felt neutral about the event. It was neither outstanding nor disappointing.",Neither
"The event was fine, but I wasn't particularly impressed.",Neither
"I had a mediocre time at the event. It was neither great nor terrible.",Neither
"It was an average event. I didn't have any strong opinions about it.",Neither
"I felt indifferent about the event. It didn't leave a lasting impression on me either way.",Neither
